{"count":3,"results":[{"id":1,"user_id":1,"team_id":1,"name":"Hint 12","description":"Hint for Data from out of space","date":"2021-04-29T15:38:05.066117","value":5,"category":"hints","icon":null,"requirements":null,"type":"standard"},{"id":2,"user_id":1,"team_id":1,"name":"Hint 2","description":"Hint for wandering wandre","date":"2021-04-29T15:38:28.159268","value":5,"category":"hints","icon":null,"requirements":null,"type":"standard"},{"id":3,"user_id":1,"team_id":1,"name":"Hint 1","description":"Hint for Catch me if you can","date":"2021-04-29T15:39:28.558390","value":-5,"category":"hints","icon":null,"requirements":null,"type":"standard"}],"meta":{}}