{"count":24,"results":[{"id":1,"challenge_id":1,"type":"static","content":"APT{f80a06a9927de92c26874fc4d87b3ca2f0f1c6805ef13db274b65f95cc61c53e}","data":""},{"id":2,"challenge_id":3,"type":"static","content":"APT{9fbf261b62c1d7c00db73afb81dd97fdf20b3442e36e338cb9359b856a03bdc8}","data":""},{"id":3,"challenge_id":2,"type":"static","content":"APT{fe8d800d80298868cb10a352953eac038ccdbd677174c77e36fd24b873114c09}","data":""},{"id":4,"challenge_id":4,"type":"static","content":"APT{22b6c2531e8514dd1cc8b91cb34c7f7c5a1c4db962f4323254dc6297fb4b65a3}","data":""},{"id":5,"challenge_id":5,"type":"static","content":"APT{e850a491c61d9ae2bda26d8d05ae49394830fbd1e9bff54935cf9dee491a77a9}","data":""},{"id":6,"challenge_id":6,"type":"static","content":"APT{76266e243bdc5a467eecc37d633af4dc0feb0c7c0edbe905c49582fd87122731}","data":""},{"id":7,"challenge_id":7,"type":"static","content":"APT{8f5475c77714a350ff6180d81edb88ab187edf12d0ad20413f68858772551328}","data":""},{"id":8,"challenge_id":8,"type":"static","content":"APT{ffc678b07a0da80d8749d8ee29436c3fb0c092ceb31306c3b531813c8b98b260}","data":""},{"id":9,"challenge_id":9,"type":"static","content":"APT{4a52132263f898dd28098e11f493cf182ee78bfa916122237df0646ccf8730ad}","data":""},{"id":10,"challenge_id":10,"type":"static","content":"APT{33297c033fe14e8788ec59f27739665237ca5be65858404c4d628f6a8641e6dd}","data":""},{"id":11,"challenge_id":14,"type":"static","content":"APT{9fbb38c2b63244203cf502b8df99bc032aff45ba853e494e0e7ccf9272b4e9fe}","data":""},{"id":12,"challenge_id":11,"type":"static","content":"APT{c3094e458a5adf2c2832ee22f71100e2004fdb8873c3c1331a7b3a7e58ab82fb}","data":""},{"id":13,"challenge_id":12,"type":"static","content":"APT{406ec36458a5d55675571e4e5d315dfb31567d797e5a85a2a3f1914e0e78c751}","data":""},{"id":14,"challenge_id":13,"type":"static","content":"APT{3ae38cdf2192d91de5e972a8988b0a5b74b576c81df46447256b716b8d61c31e}","data":""},{"id":15,"challenge_id":15,"type":"static","content":"APT{77b16ea5b9d1da0eec772831111afd6f9ec1e2c370c339ef3f116874a1cc586e}","data":""},{"id":16,"challenge_id":16,"type":"static","content":"APT{0b66ef7ca982a75aa548c74d8d27ee9310ef94f44ccd1400d08782f0468ea729}","data":""},{"id":17,"challenge_id":17,"type":"static","content":"APT{ac1ab44acefe486538fb18b886268cbbd7bd3566e9dd574ec7c324b8831549c3}","data":""},{"id":18,"challenge_id":18,"type":"static","content":"APT{916154debfb1a3c932e9fa501d2eff53fc3ab6054933a53237e7e35fe9f60a2b}","data":""},{"id":19,"challenge_id":19,"type":"static","content":"APT{a99d9c2f2ebce18132bbbc18a37498f9083e5dda019d4072244f7a778aad7b05}","data":""},{"id":20,"challenge_id":20,"type":"static","content":"APT{23c16fb3fadc2941eb3ccaf4166775ff0b786c4ac12b42ece5c8e773b35a35f2}","data":""},{"id":21,"challenge_id":21,"type":"static","content":"APT{72612d4a76ddd7e01f7ba41e61a8b6331067cf823789b5bc135b5814b9af90ba}","data":""},{"id":22,"challenge_id":22,"type":"static","content":"APT{2f00d94e6cfcf73f0a112f88d4766fbdc3364a653701c123e5065c1b1367a377}","data":""},{"id":23,"challenge_id":22,"type":"static","content":"APT{ee4da21057fd49a98e61c043937a845753a7c3953c7c98ad52d68b40e03a2db1}","data":""},{"id":24,"challenge_id":23,"type":"static","content":"APT{2713e1f94bf398c3bcc971e7b8fb2b2f4d49820a2cc54ffac3697cab9e47b4b7}","data":""}],"meta":{}}