{"count":23,"results":[{"id":1,"challenge_id":1,"user_id":1,"team_id":1,"ip":null,"provided":"MARKED AS SOLVED BY ADMIN","type":"correct","date":"2021-04-19T13:21:40.967457"},{"id":2,"challenge_id":9,"user_id":1,"team_id":1,"ip":null,"provided":"MARKED AS SOLVED BY ADMIN","type":"correct","date":"2021-04-19T13:21:41.226944"},{"id":3,"challenge_id":10,"user_id":1,"team_id":1,"ip":null,"provided":"MARKED AS SOLVED BY ADMIN","type":"correct","date":"2021-04-19T13:21:41.409376"},{"id":4,"challenge_id":11,"user_id":1,"team_id":1,"ip":null,"provided":"MARKED AS SOLVED BY ADMIN","type":"correct","date":"2021-04-19T13:21:41.529091"},{"id":5,"challenge_id":12,"user_id":1,"team_id":1,"ip":null,"provided":"MARKED AS SOLVED BY ADMIN","type":"correct","date":"2021-04-19T13:21:41.614821"},{"id":6,"challenge_id":13,"user_id":1,"team_id":1,"ip":null,"provided":"MARKED AS SOLVED BY ADMIN","type":"correct","date":"2021-04-19T13:21:41.677193"},{"id":7,"challenge_id":14,"user_id":1,"team_id":1,"ip":null,"provided":"MARKED AS SOLVED BY ADMIN","type":"correct","date":"2021-04-19T13:21:41.736669"},{"id":8,"challenge_id":15,"user_id":1,"team_id":1,"ip":null,"provided":"MARKED AS SOLVED BY ADMIN","type":"correct","date":"2021-04-19T13:21:41.798544"},{"id":9,"challenge_id":16,"user_id":1,"team_id":1,"ip":null,"provided":"MARKED AS SOLVED BY ADMIN","type":"correct","date":"2021-04-19T13:21:41.887042"},{"id":10,"challenge_id":17,"user_id":1,"team_id":1,"ip":null,"provided":"MARKED AS SOLVED BY ADMIN","type":"correct","date":"2021-04-19T13:21:41.963759"},{"id":11,"challenge_id":18,"user_id":1,"team_id":1,"ip":null,"provided":"MARKED AS SOLVED BY ADMIN","type":"correct","date":"2021-04-19T13:21:42.060881"},{"id":12,"challenge_id":19,"user_id":1,"team_id":1,"ip":null,"provided":"MARKED AS SOLVED BY ADMIN","type":"correct","date":"2021-04-19T13:21:42.138009"},{"id":13,"challenge_id":2,"user_id":1,"team_id":1,"ip":null,"provided":"MARKED AS SOLVED BY ADMIN","type":"correct","date":"2021-04-19T13:21:42.241746"},{"id":14,"challenge_id":21,"user_id":1,"team_id":1,"ip":null,"provided":"MARKED AS SOLVED BY ADMIN","type":"correct","date":"2021-04-19T13:21:42.327897"},{"id":15,"challenge_id":22,"user_id":1,"team_id":1,"ip":null,"provided":"MARKED AS SOLVED BY ADMIN","type":"correct","date":"2021-04-19T13:21:42.436360"},{"id":16,"challenge_id":23,"user_id":1,"team_id":1,"ip":null,"provided":"MARKED AS SOLVED BY ADMIN","type":"correct","date":"2021-04-19T13:21:42.509825"},{"id":17,"challenge_id":3,"user_id":1,"team_id":1,"ip":null,"provided":"MARKED AS SOLVED BY ADMIN","type":"correct","date":"2021-04-19T13:21:42.591005"},{"id":18,"challenge_id":4,"user_id":1,"team_id":1,"ip":null,"provided":"MARKED AS SOLVED BY ADMIN","type":"correct","date":"2021-04-19T13:21:42.662012"},{"id":19,"challenge_id":5,"user_id":1,"team_id":1,"ip":null,"provided":"MARKED AS SOLVED BY ADMIN","type":"correct","date":"2021-04-19T13:21:42.733892"},{"id":20,"challenge_id":6,"user_id":1,"team_id":1,"ip":null,"provided":"MARKED AS SOLVED BY ADMIN","type":"correct","date":"2021-04-19T13:21:42.803265"},{"id":21,"challenge_id":7,"user_id":1,"team_id":1,"ip":null,"provided":"MARKED AS SOLVED BY ADMIN","type":"correct","date":"2021-04-19T13:21:42.863147"},{"id":22,"challenge_id":8,"user_id":1,"team_id":1,"ip":null,"provided":"MARKED AS SOLVED BY ADMIN","type":"correct","date":"2021-04-19T13:21:42.918033"},{"id":23,"challenge_id":20,"user_id":1,"team_id":1,"ip":null,"provided":"MARKED AS SOLVED BY ADMIN","type":"correct","date":"2021-04-19T13:21:43.041594"}],"meta":{}}