{"count":2,"results":[{"id":1,"name":"Your Mission","description":"Dear Agents,\r\n\r\nLast week, a hacker sent a message to the agency. They call themselves 'le Grand Architecte du Tout' and threatened to attack the famous school 42 in two days.\r\n\r\nYour mission, should you choose to accept it, is to find anything that could help stop this evil hacker. What are they looking for? What is their goal? The very survival of 42 depends on your success.\r\nNo pressure.\r\n\r\nTo solve challenges, you will submit flags on the platform in the following format: `APT42{found_flag_here}`\r\n\r\nFor example, if you should find the name of a \"popular meme cat known for his distaste for salad\", you would submit the flag as follows:  `APT42{Smudge}`\r\n\r\nAnswer is case-sensitive and accented letters are required (for example, \u00e9, \u00e0).\r\n\r\nBefore starting, read the rules.\r\n\r\nGood luck! And most important: have fun!","max_attempts":0,"value":0,"category":"Warm up","type":"standard","state":"visible","requirements":null},{"id":2,"name":"Catch me if you can","description":"Your phone is ringing. The call is from a field agent. She has an urgent mission for you:\r\n\r\n\"Hi!  \r\nOne of my source told me that 'le Grand Architecte du Tout' was lurking around Station F and managed to enter it thanks to their social engineering skills. I hurried to drive there but unfortunately, I couldn't follow them.  \r\nMy source saw the hacker having coffee in a cubic workspace located at the left of Microsoft.   \r\nThe time is short and the Special Operation Forces are on the way. From the agency, with the help of your laptop, can you find the number of the cubic space where the hacker is having coffee?  \r\nWe will communicate this number to the Special Operation Forces as soon as they arrive so they can arrest them.\"","max_attempts":0,"value":20,"category":"level00","type":"standard","state":"visible","requirements":{"prerequisites":[1]}}],"meta":{}}