{"count":5,"results":[{"id":1,"type":"standard","location":"9c73e3040717e0130f6872cdae7f1db7/73357384_1296239683881759_5458961849066192896_n.png","challenge_id":null,"page_id":null},{"id":2,"type":"standard","location":"76e4c8dd9995e4ca66263fc8805a117f/CYBAR_OSINT.png","challenge_id":null,"page_id":null},{"id":3,"type":"page","location":"e8ddce523000e2fdfb88527b669528c2/Solar_Energy.png","challenge_id":null,"page_id":null},{"id":5,"type":"page","location":"a71d0a5e72462bf6f75d28d0a0d88456/Privasec-logo.png","challenge_id":null,"page_id":null},{"id":6,"type":"page","location":"51de2e7f6abb1531699b8a4c0b7bb8ed/Solar_Energy.png","challenge_id":null,"page_id":null}],"meta":{}}