{"count":3,"results":[{"id":1,"title":"Welcome!","route":"index","content":"<div class=\"row\">\r\n    <div class=\"col-md-6 offset-md-3\">\r\n        <p class=\"text-center\" style=\"font-size:40px\">\r\n        \t<b>Welcome Agents!</b>\r\n        </p>\r\n        <br>\r\n        <p class=\"text-center\">\r\n            Today is your first day at the APT agency and a secret mission has already been handed over to you.\r\n            <br><br>\r\n            Go to the Challenges page to discover your mission.\r\n        </p>\r\n        <br>\r\n        <h4 class=\"text-center\">Project</h4>\r\n        <p class=\"text-center\">\r\n\t      This project is a CTF hosted by APT42.\r\n          <br><br>\r\n          It runs as a Capture the Flag format where students have to collect flags to validate levels. Learn OSINT basics by solving challenges that focus on GEOINT, IMINT, SOCMINT and investigative journalism techniques.\r\n        </p>\r\n        <br>\r\n        <h4 class=\"text-center\">Times</h4>\r\n        <p class=\"text-center\" style=\"font-size: 18px;\">\r\n        \tStart Time: 08/03/2021 at 10:00 Central European Time (CET)\r\n            <br>\r\n            End Time: 10/03/2021 at 18:00 Central European Time (CET)\r\n        </p>\r\n        <br>\r\n        <h4 class=\"text-center\">Acknowledgments</h4>\r\n        <p class=\"text-center\">\r\n        \tContributors:\r\n            <br>\r\n            - foo\r\n            <br>\r\n            - bar\r\n            <br>\r\n            Beta-testers:\r\n            <br>\r\n            - baz\r\n            <br>\r\n        </p>\r\n        <br>\r\n        <h4 class=\"text-center\">Need help?</h4>\r\n        <p class=\"text-center\">\r\n        \tIf you need to contact the organisation to raise an issue or any other reason, feel free to DM the admins.\r\n        </p>\r\n    </div>\r\n</div>","draft":false,"hidden":false,"auth_required":false},{"id":2,"title":"Rules","route":"rules","content":"<div class=\"row\">\r\n    <div class=\"col-md-6 offset-md-3\">\r\n    <br>\r\n        <br>\r\n       WIP !\r\n       La premi\u00e8re partie du flag est R\u00e9fl\u00e9chissez\r\n        <h3 class=\"text-center\">Code of conduct</h3>\r\n        <p class=\"text-center\">\r\n\t        <ul>\r\n\t          <li>Do not target the CTF infrastructure, other players or admins. <b>If you are found to fuzz/bruteforce/attack the platform, your team will be disqualified</b></li>\r\n\t          <li>Do not attack/modify/comment social media accounts created for the CTF.</li>\r\n\t        </ul>\r\n        La seconde partie se trouve entre les deux virgules suivantes , par piti\u00e9,\r\n        <h3 class=\"text-center\">FAQ</h3>\r\n        <p class=\"text-center\">\r\n\t        <ul>\r\n              <li>Teams are limited to a maximum of <b>3 members</b></li>\r\n        Et enfin, la derni\u00e8re partie du flag est par Odin\r\n    </div>\r\n</div>","draft":false,"hidden":false,"auth_required":false},{"id":3,"title":"Bonus","route":"bonus","content":"<div class=\"row\">\r\n    <div class=\"col-md-6 offset-md-3\">\r\n    <br>\r\n        <br>\r\n\t\t<h3 class=\"text-center\">Bonus!</h3>\r\n        <br>\r\n        <p class=\"text-center\">\r\n            These bonus will be manually awarded by the CTF admins:\r\n            <ul>\r\n              <li><b>Too fast too furious:</b>  First team to solve a challenge (warm up not included) -> 10 points</li>\r\n              <li><b>Speedrunner:</b>  First team to reach 800 points -> 15 points</li>\r\n              <li><b>Stalker:</b>  First team to solve all SOCMINT challenges -> 20 points</li>\r\n              <li><b>Lord of the Maps:</b>  First team to solve all GEOINT challenges -> 20 points</li>\r\n            </ul>\r\n        </p>\r\n    </div>\r\n</div>","draft":false,"hidden":false,"auth_required":false}],"meta":{}}