{"count":11,"results":[{"id":3,"challenge_id":1,"user_id":1,"team_id":1},{"id":4,"challenge_id":2,"user_id":1,"team_id":1},{"id":6,"challenge_id":3,"user_id":1,"team_id":1},{"id":7,"challenge_id":4,"user_id":1,"team_id":1},{"id":8,"challenge_id":5,"user_id":1,"team_id":1},{"id":9,"challenge_id":6,"user_id":1,"team_id":1},{"id":10,"challenge_id":8,"user_id":1,"team_id":1},{"id":11,"challenge_id":7,"user_id":1,"team_id":1},{"id":12,"challenge_id":9,"user_id":1,"team_id":1},{"id":13,"challenge_id":10,"user_id":1,"team_id":1},{"id":15,"challenge_id":11,"user_id":1,"team_id":1}],"meta":{}}