{"count":11,"results":[{"id":5,"title":"Achievement Unlocked: Sasaeng","content":"Congratulations Noroff University College, for being the first team to complete all \"Contact Tracing\" challenges (15 points)","date":"2020-06-06T09:35:36","user_id":null,"team_id":null},{"id":7,"title":"Achievement Update: Helping","content":"The \"Helping\" achievement has been changed from: First team to submit an actual challenge-breaking bug that we fix. Ouch. (15 point)\r\nto: Any team to submit ANY challenge-breaking bug that we fix. Ouch. (15 point)","date":"2020-06-06T10:09:03","user_id":null,"team_id":null},{"id":8,"title":"Challenge \"Fake News\" attempts increased","content":"Challenge \"Fake News\" now has 4 attempts (increased by 1). Please make sure you are confident with your answer before submitting.","date":"2020-06-06T10:56:58","user_id":null,"team_id":null},{"id":9,"title":"Close but no cigar...","content":"Congratulations to \"Royal Emu Artillery\" and \"Knowing and the Known\"for both completing all challenges but ONE.\r\n\r\nThere is just one challenge to be released on the platform. It will be released in the next hour. It will be worth a high amount of points.","date":"2020-06-06T11:33:13","user_id":null,"team_id":null},{"id":10,"title":"Challenge \"Where in the World is Wuhan - Part II\" updated","content":"Challenge description for \"Where in the World is Wuhan - Part II\" has been updated to:\r\n\"Find the source of the image online, and I'll take care of the rest.\"","date":"2020-06-06T12:07:27","user_id":null,"team_id":null},{"id":11,"title":"FINAL CHALLENGE: Curious Case of COVID","content":"The final challenge (category: geospatial) has just been released, at a whopping 725 points.","date":"2020-06-06T13:19:17","user_id":null,"team_id":null},{"id":12,"title":"1st Place: \"Knowing and the Known\"","content":"Knowing and the Known are the first to complete all challenges, scoring themselves some nice achievements as well","date":"2020-06-06T13:47:45","user_id":null,"team_id":null},{"id":13,"title":"2nd Place: \"V01DSQUAD\"","content":"Congratulations to V01DSQUAD for being the second to complete all challenges, at 6 hours and 5minutes in!","date":"2020-06-06T14:14:09","user_id":null,"team_id":null},{"id":14,"title":"3rd Place: \"cs\"","content":"Congratulations to cs for being the second to complete all challenges, at 6 hours and 5minutes in!","date":"2020-06-06T14:15:17","user_id":null,"team_id":null},{"id":15,"title":"Challenge \"By A Thread - Part I\" updated","content":"Challenge \"By A Thread - Part 1\" description has been updated for easier understanding.","date":"2020-06-06T18:30:28","user_id":null,"team_id":null},{"id":16,"title":"Email Issue Resolved","content":"Due to an unexpected issue, our email relay service was unavailable since 00:00 AEST.\r\nThis has been fixed, and all queued emails are now being sent.","date":"2020-06-06T19:08:44","user_id":null,"team_id":null}],"meta":{}}