{"count":14,"results":[{"id":1,"challenge_id":15,"value":"Forensics"},{"id":2,"challenge_id":14,"value":"Data science"},{"id":3,"challenge_id":2,"value":"GEOINT"},{"id":4,"challenge_id":3,"value":"GEOINT"},{"id":5,"challenge_id":5,"value":"Forensics"},{"id":6,"challenge_id":4,"value":"Data science"},{"id":7,"challenge_id":6,"value":"SOCMINT"},{"id":8,"challenge_id":7,"value":"SOCMINT"},{"id":9,"challenge_id":8,"value":"SOCMINT"},{"id":10,"challenge_id":9,"value":"SOCMINT"},{"id":11,"challenge_id":10,"value":"SOCMINT"},{"id":12,"challenge_id":13,"value":"SOCMINT"},{"id":13,"challenge_id":11,"value":"Steganography"},{"id":14,"challenge_id":12,"value":"Forensics"}],"meta":{}}