{"count":7,"results":[{"id":1,"name":"Your Mission","description":"Dear Agents,\r\n\r\nLast week, a hacker sent a message to the agency. They call themselves 'le Grand Architecte du Tout' and threatened to attack the famous school 42 in two days.\r\n\r\nYour mission, should you choose to accept it, is to find anything that could help stop this evil hacker. What are they looking for? What is their goal? The very survival of 42 depends on your success.\r\nNo pressure.\r\n\r\nTo solve challenges, you will submit flags on the platform in the following format: `APT{flag_here}`\r\n\r\nFor example, if you should find the name of a \"popular meme cat known for his distaste for salad\", you would submit the flag as follows:  `APT{Smudge}`\r\n\r\nAnswer is case-sensitive and accented letters are required (for example, \u00e9, \u00e0).\r\n\r\nBefore starting, read the rules.\r\n\r\nGood luck! And most important: have fun!","max_attempts":0,"value":0,"category":"Warm up","type":"standard","state":"visible","requirements":null},{"id":2,"name":"wandering wandre","description":"Your phone is ringing. The call is from a field agent. She has an urgent mission for you:\r\n\r\n\"Hi!  \r\nOne of my source, Edward Snowcrash, told me that 'le Grand Architecte du Tout' was lurking around Station F.  \r\nEd saw the hacker writing a message under a firemen sign and took a picture, but unfortunately the picture seems truncated.  \r\nCan you find the whole message?\"\r\n\r\n![email attachment](/files/6d70b3f8a8f01df8ed993dccaac91b57/wander_hint.png)","max_attempts":0,"value":20,"category":"level00","type":"standard","state":"visible","requirements":{"prerequisites":[1]}},{"id":3,"name":"Catch me if you can","description":"Congratulations! The field agent is calling you again:\r\n\r\n\"Hey! We sent the message you found to our profiler. It will be very useful to understand the motives of 'le Grand Architecte du Tout'.  \r\nHe managed to enter Station F thanks to their social engineering skills. I hurried to drive there but unfortunately, I couldn't follow them.  \r\nEdward Snowcrash said he managed to hack Station F camera systems. According to him, the hacker is having coffee in a compagny workspace. Ed sent us a picture of a place located at the left of this workspace. The picture is truncated again and I find this suspicious.  \r\nThe time is short and the Special Operation Forces are on the way. From the agency, with the help of your laptop, from the attached picture, can you find where the hacker is having coffee?  \r\nWe will communicate this name to the Special Operation Forces as soon as they arrive so they can arrest them.\"\r\n\r\n![email attachment](/files/1f9150d04ccbda4699e69bf3fc783248/catchme_hint.png)\r\n\r\nTo solve this challenge, submit the SHA-256 hash of the lower-cased compagny name.\r\n\r\nFor example, if the flag is Framasoft, you would write it in lower-case letters as follows: framasoft, and then submit:  `APT{15917111876bec347732074c45c3eeb33df156b664da2f443a5b9ea74cf195b9}`","max_attempts":0,"value":10,"category":"level00","type":"standard","state":"visible","requirements":{"prerequisites":[2]}},{"id":4,"name":"Palmistry","description":"*bip* *bip* Your phone is ringing, the field agent is calling you again!\r\n\r\nWe just arrived at the location you manage to pinpoint nearby Station F.\r\nSadly the hacker was already gone, lucky us thanks to the heat of his coffee he probably left this place about 30min ago.\r\nNot only this, but we manage to get his fingerprint from his coffee cup he left in the place !\r\nI linked you an archived which contains fingerprints from numerous know hacker, maybe he is one of them.\r\n\r\nTo solve this challenge, submit the SHA-256 hash of the filename from the archive which correspond to the hacker fingerprints.\r\n\r\nFor example, if the filename is `085_10_6.tif`, then submit:  `APT{2b927e1a9d5a2e22768a8e16f291cc5d051d0180e65cd439fe8cfda98119bac3}`\r\n\r\n[fingerprint.rar](/files/05beb6c4a35818606cbcc2d7bfe8a0fe/fingerprint.rar)\r\n[hacker_fingerprint.tif](/files/2b61663c9d2b45974065134b5b550bf7/hacker_fingerprint.tif)","max_attempts":0,"value":15,"category":"level00","type":"standard","state":"visible","requirements":{"prerequisites":[3]}},{"id":5,"name":"Data from out of space","description":"Unfortunately, the Special Operation Forces couldn't catch the hacker! However, they dropped something while escaping Station F. We retrieved this sensitive file but we were not able to extract any useful data from it.  \r\nCan you help us to find any clue that might lead us to the hacker?\r\n\r\nTo solve this challenge, submit the flag as follows: `APT{shasum(info)}`","max_attempts":0,"value":40,"category":"level00","type":"standard","state":"visible","requirements":{"prerequisites":[3,4]}},{"id":6,"name":"Let the stalk begin","description":"/!\\ WIP\r\n\r\nTODO\r\n\r\n- faire un compte Linkedin","max_attempts":0,"value":20,"category":"level01","type":"standard","state":"visible","requirements":{"prerequisites":[5]}},{"id":7,"name":" Follow the white rabbit","description":"/!\\ WIP\r\n\r\nTODO par le chat","max_attempts":0,"value":30,"category":"level01","type":"standard","state":"visible","requirements":{"prerequisites":[6]}}],"meta":{}}