{"count":6,"results":[{"id":1,"type":"standard","location":"9c73e3040717e0130f6872cdae7f1db7/73357384_1296239683881759_5458961849066192896_n.png","challenge_id":null,"page_id":null},{"id":2,"type":"standard","location":"76e4c8dd9995e4ca66263fc8805a117f/CYBAR_OSINT.png","challenge_id":null,"page_id":null},{"id":3,"type":"page","location":"9eefbbd979571045bfefb27d2b9dda9b/hint.png","challenge_id":null,"page_id":null},{"id":4,"type":"page","location":"182b3922070d356800626958cd5d4d18/hint.png","challenge_id":null,"page_id":null},{"id":5,"type":"page","location":"05beb6c4a35818606cbcc2d7bfe8a0fe/fingerprint.rar","challenge_id":null,"page_id":null},{"id":6,"type":"page","location":"2b61663c9d2b45974065134b5b550bf7/hacker_fingerprint.tif","challenge_id":null,"page_id":null}],"meta":{}}