{"count":3,"results":[{"id":1,"name":"Your Mission","description":"Dear Agents,\r\n\r\nLast week, a hacker sent a message to the agency. They call themselves 'le Grand Architecte du Tout' and threatened to attack the famous school 42 in two days.\r\n\r\nYour mission, should you choose to accept it, is to find anything that could help stop this evil hacker. What are they looking for? What is their goal? The very survival of 42 depends on your success.\r\nNo pressure.\r\n\r\nTo solve challenges, you will submit flags on the platform in the following format: `APT42{found_flag_here}`\r\n\r\nFor example, if you should find the name of a \"popular meme cat known for his distaste for salad\", you would submit the flag as follows:  `APT42{Smudge}`\r\n\r\nAnswer is case-sensitive and accented letters are required (for example, \u00e9, \u00e0).\r\n\r\nBefore starting, read the rules.\r\n\r\nGood luck! And most important: have fun!","max_attempts":0,"value":0,"category":"Warm up","type":"standard","state":"visible","requirements":null},{"id":2,"name":"wandering wandre","description":"Your phone is ringing. The call is from a field agent. She has an urgent mission for you:\r\n\r\n\"Hi!  \r\nOne of my source told me that 'le Grand Architecte du Tout' was lurking around Station F.  \r\nMy source saw the hacker writing a message under a firemen sign and took a picture, but unfortunately the picture seems truncated.  \r\nCan you find the whole message?\"\r\n\r\n![email attachment](/files/182b3922070d356800626958cd5d4d18/hint.png)","max_attempts":0,"value":20,"category":"level00","type":"standard","state":"visible","requirements":{"prerequisites":[1]}},{"id":3,"name":"Catch me if you can","description":"Congratulations! The field agent is calling you again:\r\n\r\n\"Hey! We sent the message you found to our profiler. It will be very useful to understand the motives of 'le Grand Architecte du Tout'.  \r\nHe managed to enter Station F thanks to their social engineering skills. I hurried to drive there but unfortunately, I couldn't follow them.  \r\nMy source said he managed to hack Station F camera systems. According to him, the hacker is having coffee in a compagny workspace. He sent us a picture of a place located at the left of this workspace. The picture is truncated again and I find this suspicious.  \r\nThe time is short and the Special Operation Forces are on the way. From the agency, with the help of your laptop, from the attached picture, can you find where the hacker is having coffee?  \r\nWe will communicate this name to the Special Operation Forces as soon as they arrive so they can arrest them.\"\r\n\r\n![email attachment](/files/9eefbbd979571045bfefb27d2b9dda9b/hint.png)\r\n\r\nTo solve this challenge, submit the SHA-256 hash of the lower-cased compagny name.\r\n\r\nFor example, if the flag is Framasoft, you would write it in lower-case letters as follows: framasoft, and then submit:  `APT42{15917111876bec347732074c45c3eeb33df156b664da2f443a5b9ea74cf195b9}`","max_attempts":0,"value":10,"category":"level00","type":"standard","state":"visible","requirements":{"prerequisites":[2]}}],"meta":{}}