{"count":7,"results":[{"id":1,"type":"standard","location":"9c73e3040717e0130f6872cdae7f1db7/73357384_1296239683881759_5458961849066192896_n.png","challenge_id":null,"page_id":null},{"id":2,"type":"standard","location":"76e4c8dd9995e4ca66263fc8805a117f/CYBAR_OSINT.png","challenge_id":null,"page_id":null},{"id":5,"type":"page","location":"05beb6c4a35818606cbcc2d7bfe8a0fe/fingerprint.rar","challenge_id":null,"page_id":null},{"id":6,"type":"page","location":"2b61663c9d2b45974065134b5b550bf7/hacker_fingerprint.tif","challenge_id":null,"page_id":null},{"id":7,"type":"page","location":"2611db60610d822d568cb538b1316369/dont-panic.png","challenge_id":null,"page_id":null},{"id":8,"type":"page","location":"6d70b3f8a8f01df8ed993dccaac91b57/wander_hint.png","challenge_id":null,"page_id":null},{"id":9,"type":"page","location":"1f9150d04ccbda4699e69bf3fc783248/catchme_hint.png","challenge_id":null,"page_id":null}],"meta":{}}