{"count":6,"results":[{"id":2,"challenge_id":2,"user_id":1,"team_id":1,"ip":"172.17.0.1","provided":"","type":"incorrect","date":"2020-12-07T20:41:32.960390"},{"id":3,"challenge_id":1,"user_id":1,"team_id":1,"ip":"172.17.0.1","provided":"APT{R\u00e9fl\u00e9chissez, par piti\u00e9, par Odin}","type":"correct","date":"2021-01-11T12:51:58.426455"},{"id":4,"challenge_id":2,"user_id":1,"team_id":1,"ip":"172.17.0.1","provided":"APT{CAC40}","type":"correct","date":"2021-01-11T12:52:08.432666"},{"id":5,"challenge_id":3,"user_id":1,"team_id":1,"ip":"172.17.0.1","provided":"`APT{9fbf261b62c1d7c00db73afb81dd97fdf20b3442e36e338cb9359b856a03bdc8}`","type":"incorrect","date":"2021-01-11T12:52:28.223550"},{"id":6,"challenge_id":3,"user_id":1,"team_id":1,"ip":"172.17.0.1","provided":"APT{9fbf261b62c1d7c00db73afb81dd97fdf20b3442e36e338cb9359b856a03bdc8}","type":"correct","date":"2021-01-11T12:52:42.371767"},{"id":7,"challenge_id":4,"user_id":1,"team_id":1,"ip":"172.17.0.1","provided":"APT{22b6c2531e8514dd1cc8b91cb34c7f7c5a1c4db962f4323254dc6297fb4b65a3}","type":"correct","date":"2021-01-11T12:53:10.990278"}],"meta":{}}