{"count":7,"results":[{"id":1,"challenge_id":1,"type":"static","content":"APT42{R\u00e9fl\u00e9chissez, par piti\u00e9, par Odin}","data":""},{"id":2,"challenge_id":3,"type":"static","content":"APT42{9fbf261b62c1d7c00db73afb81dd97fdf20b3442e36e338cb9359b856a03bdc8}","data":""},{"id":3,"challenge_id":2,"type":"static","content":"APT42{CAC40}","data":""},{"id":4,"challenge_id":4,"type":"static","content":"APT42{22b6c2531e8514dd1cc8b91cb34c7f7c5a1c4db962f4323254dc6297fb4b65a3}","data":""},{"id":5,"challenge_id":5,"type":"static","content":"APT42{TODO}","data":""},{"id":6,"challenge_id":6,"type":"static","content":"APT42{TODO}","data":""},{"id":7,"challenge_id":7,"type":"static","content":"APT{TODO}","data":""}],"meta":{}}