{"count":1,"results":[{"id":1,"name":"Your Mission","description":"Dear Agents,\r\n\r\nLast week, a hacker sent a message to the agency. They call themselves 'le Grand Architecte du Tout' and threatened to attack the famous school 42 in two days.\r\n\r\nYour mission, should you choose to accept it, is to find anything that could help stop this evil hacker. What are they looking for? What is their goal? The very survival of 42 depends on your success.\r\nNo pressure.\r\n\r\nTo solve challenges, you will submit flags on the platform in the following format `APT42{found_flag_here}`.\r\n\r\nFor example, if you must find the name of a \"popular meme cat known for his distaste for salad\", you would submit the flag as follows:\r\n `APT42{smudge}`\r\n\r\nAnswer are not case-sensitive but accented letters are required (for example, \u00e9, \u00e0).\r\n\r\nBefore starting, read the rules.\r\n\r\nGood luck! And most important: have fun!","max_attempts":0,"value":0,"category":"Tutorial","type":"standard","state":"visible","requirements":null}],"meta":{}}