{"count":3,"results":[{"id":1,"title":"Welcome!","route":"index","content":"<p class=\"text-center\" style=\"font-size:40px\">\r\n  <b>Welcome Agents!</b>\r\n</p>\r\n<br>\r\n<p class=\"text-center\">\r\n  Today is your first day at the <b>APT agency</b> and a secret mission has already been handed over to you.\r\n<br><br>\r\n  Go to the <b>Challenges</b> page to discover your mission.\r\n</p>\r\n<br>\r\n\r\n<h4 class=\"text-center\">Project</h4>\r\n<p class=\"text-center\">\r\n  This project is a CTF created by <b>APT42</b>.\r\n  <br><br>\r\n  It runs as a Capture the Flag format where students have to collect flags to validate levels.\r\n  <br>\r\n  Learn OSINT basics by solving challenges that focus on GEOINT, IMINT, SOCMINT and investigative journalism techniques.\r\n</p>\r\n<br>\r\n<h4 class=\"text-center\">Times</h4>\r\n<p class=\"text-center\" style=\"font-size: 18px;\">\r\n  Start Time: 08/03/2021 at 10:00 Central European Time (CET)\r\n  <br>\r\n  End Time: 10/03/2021 at 18:00 Central European Time (CET)\r\n</p>\r\n<br>\r\n\r\n<h4 class=\"text-center\">Acknowledgments</h4>\r\n<p class=\"text-center\">\r\n  Contributors:\r\n  <br>\r\n  - avan-pra\r\n  <br>\r\n  - mboivin\r\n  <br>\r\n  - wandre\r\n  <br><br>\r\n  Beta-testers:\r\n  <br>\r\n  - baz\r\n  <br>\r\n</p>\r\n<br>\r\n\r\n<h4 class=\"text-center\">Need help?</h4>\r\n<p class=\"text-center\">\r\n  If you need to contact the organisation to raise an issue or any other reason, feel free to DM the admins.\r\n</p>\r\n","draft":false,"hidden":false,"auth_required":false},{"id":2,"title":"Rules","route":"rules","content":"<p class=\"text-center\" style=\"font-size:40px\">\r\n\t<b>Rules</b>\r\n</p>\r\n<br>\r\n<h3 class=\"text-center\">Flag format</h3>\r\n<br>\r\n\r\nTo solve challenges, you will submit flags on the platform in the following format: `APT{sha256sum(flag)}`\r\n<br>\r\n\r\nFor example, if My_Flag is the flag:\r\n\r\n```\r\necho -n My_Flag | sha256sum\r\nf8fa66e084281bb87f40b2f7048ceb93c28dd6e282f98f43a2cd4396245a7404\r\n```\r\n\r\nSubmit the flag as follows: `APT{f8fa66e084281bb87f40b2f7048ceb93c28dd6e282f98f43a2cd4396245a7404}`\r\n\r\nAnswer is case-sensitive and accented letters are required (for example, \u00e9, \u00e0).\r\n\r\n<br>\r\n<h3 class=\"text-center\">Code of conduct</h3>\r\n<br>\r\n<p class=\"text-center\">\r\n<ul>\r\n  <li>Do not target the CTF infrastructure, other players or admins. <b>If you are found to fuzz/bruteforce/attack the platform, your team will be disqualified</b></li>\r\n  <li>If you leak flags, your team will be disqualified</li>\r\n  <li>The first part of the flag is R\u00e9fl\u00e9chissez</li>\r\n  <li>Do not <b>attack/modify/comment social media accounts</b> created for the CTF</li>\r\n  <li>The second part of the flag starts by and ends by a comma (keep the commas) , par piti\u00e9,</li>\r\n  <li>Be excellent to each other</li>\r\n  <li>Have fun!</li>\r\n</ul>\r\n<h3 class=\"text-center\">FAQ</h3>\r\n<p class=\"text-center\">\r\n<ul>\r\n  <li>Teams are limited to a maximum of <b>3 members</b></li>\r\n  <li>You can unlock hints but hints will make you loose points</li>\r\n  <li>And the last part of the flag is par Odin</li>\r\n</ul>\r\n","draft":false,"hidden":false,"auth_required":false},{"id":3,"title":"Bonus","route":"bonus","content":"<div class=\"row\">\r\n    <div class=\"col-md-6 offset-md-3\">\r\n    <br>\r\n        <br>\r\n\t\t<h3 class=\"text-center\">Bonus!</h3>\r\n        <br>\r\n        <p class=\"text-center\">\r\n            These bonus will be manually awarded by the CTF admins:\r\n            <ul>\r\n              <li><b>Too fast too furious:</b>  First team to solve a challenge (warm up not included) -> 10 points</li>\r\n              <li><b>Speedrunner:</b>  First team to reach 800 points -> 15 points</li>\r\n              <li><b>Stalker:</b>  First team to solve all SOCMINT challenges -> 20 points</li>\r\n              <li><b>Lord of the Maps:</b>  First team to solve all GEOINT challenges -> 20 points</li>\r\n            </ul>\r\n        </p>\r\n    </div>\r\n</div>","draft":false,"hidden":false,"auth_required":false}],"meta":{}}