{"count":10,"results":[{"id":1,"type":"standard","challenge_id":3,"content":"Gmaps, here we go again.","cost":-5,"requirements":null},{"id":2,"type":"standard","challenge_id":2,"content":"Did you give Gmaps a try?","cost":-5,"requirements":null},{"id":3,"type":"standard","challenge_id":5,"content":"![dont-panic.png](/files/2611db60610d822d568cb538b1316369/dont-panic.png)","cost":-10,"requirements":null},{"id":4,"type":"standard","challenge_id":14,"content":"Time to learn and practice your OCR skills!","cost":20,"requirements":null},{"id":5,"type":"standard","challenge_id":14,"content":"You can import files in Yandex and translate them.","cost":50,"requirements":null},{"id":6,"type":"standard","challenge_id":15,"content":"Verryhiden is a nice feature in excel. With BIFF and XLM Macro we can do a lot of things...","cost":-60,"requirements":null},{"id":7,"type":"standard","challenge_id":17,"content":"\"it is what it is\", but maybe there's a different term to name it, look for synonyms maybe ?","cost":-50,"requirements":null},{"id":8,"type":"standard","challenge_id":18,"content":"The mountain in the background is a little famous, try to enumerate.  \r\nWe name things the way they look like to us. (query in French)","cost":-35,"requirements":null},{"id":9,"type":"standard","challenge_id":18,"content":"\"It is often difficult to wash them\" (query in French)","cost":-35,"requirements":null},{"id":10,"type":"standard","challenge_id":21,"content":"Don't rely too much on \"James Wang\" to find James Wang.\r\nKeep in mind his link with the phone.","cost":-50,"requirements":null}],"meta":{}}