{"count":23,"results":[{"id":3,"challenge_id":1,"user_id":1,"team_id":1},{"id":4,"challenge_id":2,"user_id":1,"team_id":1},{"id":6,"challenge_id":3,"user_id":1,"team_id":1},{"id":7,"challenge_id":4,"user_id":1,"team_id":1},{"id":8,"challenge_id":5,"user_id":1,"team_id":1},{"id":9,"challenge_id":6,"user_id":1,"team_id":1},{"id":10,"challenge_id":8,"user_id":1,"team_id":1},{"id":11,"challenge_id":7,"user_id":1,"team_id":1},{"id":12,"challenge_id":9,"user_id":1,"team_id":1},{"id":13,"challenge_id":10,"user_id":1,"team_id":1},{"id":15,"challenge_id":11,"user_id":1,"team_id":1},{"id":16,"challenge_id":12,"user_id":1,"team_id":1},{"id":17,"challenge_id":14,"user_id":1,"team_id":1},{"id":18,"challenge_id":15,"user_id":1,"team_id":1},{"id":19,"challenge_id":13,"user_id":1,"team_id":1},{"id":20,"challenge_id":16,"user_id":1,"team_id":1},{"id":21,"challenge_id":17,"user_id":1,"team_id":1},{"id":22,"challenge_id":18,"user_id":1,"team_id":1},{"id":25,"challenge_id":20,"user_id":1,"team_id":1},{"id":26,"challenge_id":21,"user_id":1,"team_id":1},{"id":27,"challenge_id":19,"user_id":1,"team_id":1},{"id":28,"challenge_id":22,"user_id":1,"team_id":1},{"id":29,"challenge_id":23,"user_id":1,"team_id":1}],"meta":{}}